{"cameraMode":{"drawMode":0,"name":"Shaded","section":"Shading Mode"},"sceneLighting":false,"audioPlay":false,"sceneViewState":{"m_AlwaysRefresh":false,"showFog":true,"showSkybox":false,"showFlares":true,"showImageEffects":true,"showParticleSystems":true,"showVisualEffectGraphs":true,"m_FxEnabled":true},"in2DMode":false,"pivot":{"x":0.5750584006309509,"y":1.1055320501327515,"z":0.5734552145004273},"rotation":{"x":0.03471784666180611,"y":-0.9196943640708923,"z":0.08324161916971207,"w":0.3822709023952484},"size":1.4686765670776368,"orthographic":false}