{"cameraMode":{"drawMode":0,"name":"Shaded","section":"Shading Mode"},"sceneLighting":false,"audioPlay":false,"sceneViewState":{"m_AlwaysRefresh":false,"showFog":false,"showSkybox":false,"showFlares":false,"showImageEffects":false,"showParticleSystems":false,"showVisualEffectGraphs":true,"m_FxEnabled":true},"in2DMode":false,"pivot":{"x":0.13959629833698274,"y":0.7313178181648254,"z":0.057074692100286487},"rotation":{"x":0.031182024627923967,"y":-0.9368494749069214,"z":0.08622011542320252,"w":0.3376566469669342},"size":1.0920740365982056,"orthographic":false}